{"_runtime":260.7423399,"_step":49,"epoch":50,"total_loss":404.669740623,"reconstruction_loss":399.61113945912507,"kl_divergence":5.058600693099243,"_wandb":{"runtime":260},"_timestamp":1.7320014510013509e+09}